new_words,relation
He won the Gold Medal of the Royal Astronomical Society in 1892 and also later served as president of that organization.,AWARD
Dole was twice decorated for heroic achievement receiving two Purple Hearts for his injuries and the Bronze Star Medal for his attempt to assist a downed radio man.,AWARD
President Clinton awarded him the Presidential Medal of Freedom in early 1997 for his service in the military and his political career.,AWARD
The book was awarded the 1957 Pulitzer Prize for Biography.,AWARD
The Foundation has grown immensely and by 1950 had become national and international in scope.,CONTROL
Kennedy's other decorations of the Second World War include the Purple Heart Asiatic-Pacific Campaign Medal and the World War II Victory Medal.,AWARD
"""Sir Andrew Fielding Huxley OM FRS (born 22 November 1917 Hampstead London England UK) is a British physiologist and biophysicist who won the 1963 Nobel Prize in Physiology or Medicine for his work with Alan Lloyd Hodgkin on the basis of nerve """"action potentials the electrical impulses that enable the activity of an organism to be coordinated by a central nervous system.""",AWARD
He was twice nominated for an Academy Award for Best Supporting Actor the first for his role in the 1943 film Sahara then for his performance in the 1945 film A Medal for Benny for which he won the Golden Globe Award for Best Supporting Actor - Motion Picture.,AWARD
In recognition of his work with electricity Franklin was elected a Fellow of the Royal Society and received its Copley Medal in 1753.,AWARD
"""In 1991 he was awarded the Presidential Medal of Freedom for """"preserving America's defenses at a time of great change around the world.""""""",AWARD
His support abated as the United States entered WWII.,CONTROL
PFC Fernando Luis Garcia (October 14 1929 - September 5 1952) born in Utuado Puerto Rico was a member of the United States Marines and the first Puerto Rican who was awarded the Medal of Honor.,AWARD
Received the Presidential Medal of Freedom in 1977.,AWARD
Confidential (1997) for which she received an Academy Award for Best Supporting Actress.,AWARD
In 1968 6 years after her death she was honored as the former president of United Nations Commission on Human Rights by a posthume Nobel Peace Prize along with Rene Cassin president of the European Court of Human Rights for their work in drafting and promoting the adoption and proclamation the 1948 Universal Declaration of Human Rights.,AWARD
The same year they were each awarded by one of the UN's own Human Rights Prizes.,AWARD
He won a Nobel Prize in Chemistry in 1928.,AWARD
On May 261943 Edsel Ford died leaving a vacancy in the company presidency.,CONTROL
"""He was awarded the 1921 Nobel Prize for Physics for his explanation of the photoelectric effect in 1905 (his """"miracle year"""") and """"for his services to Theoretical Physics"""".""",AWARD
The Reverend Martin Luther King Jr. Ph.D. Boston University (January 15 1929 - April 4 1968) was an American Nobel Laureate Baptist minister and African American civil rights activist.,AWARD
He also was awarded the Presidential Medal of Freedom.,AWARD
In 1971 Coppola won an Academy Award for his screenplay for Patton.,AWARD
However his name as a filmmaker was made as the co-writer and director of The Godfather (1972) and The Godfather Part II (1974) which both won the Academy Award for Best Picture - the latter being the first sequel to do so.,AWARD
While The Godfather Part II won the Oscar The Conversation won the 1974 Palme d'Or at the Cannes Film Festival.,AWARD
This led to his being hired by Westinghouse company to service their steam engines.,CONTROL
Clinton received a B.S.F.S. degree from the Edmund A. Walsh School of Foreign Service at Georgetown University in Washington DC where he became a brother of Alpha Phi Omega worked for Senator J. William Fulbright was elected to Phi Beta Kappa and won a Rhodes Scholarship to the University of Oxford (at the University College Oxford) in England.,AWARD
He won the Gold Medal of the Royal Astronomical Society in 1841.,AWARD
There he published tables of atmospheric refraction based on Bradley's observations which won him the Lalande Prize from the Institut de France.,AWARD
In 1923 he was awarded the inaugural Bucher Memorial Prize by the American Mathematical Society.,AWARD
She was nominated for the Academy Award for Best Supporting Actress for The Godfather Part II and for the Best Actress in a Leading Role for Rocky.,AWARD
Lift the mother of Danny DeVito's character in her Academy Award nominated performance in Throw Momma from the Train.,AWARD
He has also made notable appearances on television.,CONTROL
Edric Frederick Gifford 3rd Baron Gifford VC (5 July 1849 - 5 June 1911) was an English recipient of the Victoria Cross the highest and most prestigious award for gallantry in the face of the enemy that can be awarded to British and Commonwealth forces.,AWARD
As a soldier he led a famous cavalry charge in the Battle of San Juan Hill in 1898 for which he was posthumously awarded the Congressional Medal of Honor in 2001 by President Bill Clinton making Roosevelt the only President to have received the award as of 2005.,AWARD
Roosevelt was also influential in spearheading the construction of the Panama Canal and for his mediation in the Russo-Japanese War of 1905 he was awarded the Nobel Peace Prize in 1906.,AWARD
He was the first American to win a Nobel Prize in any category.,AWARD
Reynolds was nominated for an Academy Award for Best Actress following her performance in The Unsinkable Molly Brown (1964) a Golden Globe for The Debbie Reynolds Show on television (1970) a Golden Globe for the motion picture Mother (1997) and a Blockbuster Entertainment Award for In & Out (1997).,AWARD
In 1997 she received the Lifetime Achievement Award in Comedy.,AWARD
Her sister Betty sang in a duo with Rosemary for much of her early career.,CONTROL
A special military decoration the Dewey Medal was also named in his honor.,AWARD
A screen legend Hepburn holds the records for the most Oscars (4) and also Best Actress nominations (12).,AWARD
Hepburn won an Emmy Award in 1975 for her lead role in Love Among the Ruins and was nominated for four other Emmys and two Tony Awards during the course of her more than 70-year acting career.,AWARD
He was also a fan of hockey and was inducted into the United States Hockey Hall of Fame in 1993.,AWARD
Bush served in the French and Indian Wars as a soldier between 1755 and 1757.,CONTROL
He won directing Emmys for his work on the original 1854 CBS teleplay Twelve Angry Men.,AWARD
Because of his father's legacy at Ole Miss as well as his own status as the most highly recruited high school quarterback of his class Peyton Manning stunned many when he chose to attend and play for the University of Tennessee.,EDUCATION
"""In 1989 he earned a Juris Doctor (J.D.) degree from New York University Law School.""",EDUCATION
During his stay in prison he rediscovered the Bible learned Greek and became a student of Christian theology at Oxford University.,EDUCATION
Born in Dublin to William Aitken (himself a Conservative MP) and Penelope Aitken daughter of John Maffey 1st Baron Rugby he attended Eton College and read law at Christ Church Oxford.,EDUCATION
He was educated at the Bury St Edmunds grammar school and at Trinity College Dublin studied law for a short time after 1624 at the Inner Temple London accompanied the ill-fated expedition of the duke of Buckingham for the relief of the Protestants of La Rochelle and then travelled in Italy and the Levant returning to England in 1629.,EDUCATION
Dole graduated from High School in the spring of 1941 and enrolled at the University of Kansas the following Autumn.,EDUCATION
Three other children had been born to them but had died young.,CONTROL
After the war Dole continued to study law and eventually earned his Law Degree from Washburn University in 1952.,EDUCATION
from Dartmouth College in 1809 and an A.M. from Dartmouth in 1812.,EDUCATION
He began to learn mathematics around age twelve.,CONTROL
Marvin graduated from Woodberry Forest School in 1975 and spent most summers and holidays at the sprawling family estate the Bush Compound.,EDUCATION
He was a first round draft pick in 1992 out of Georgia Tech.,EDUCATION
Jon Barry played his high school basketball at an athletic powerhouse De La Salle High School in Concord California before receiving a basketball scholarship to attend Georgia Tech.,EDUCATION
He graduated from New York University`s College of Arts and Sciences in 1953 and received a scholarship to Harvard Law School.,EDUCATION
At the age of 17 and having barely passed West Point's height requirement for entrance Grant received a cadetship to the United States Military Academy at West Point New York through his U.S.,EDUCATION
Einstein's relationship with Mileva developed into romance over the next few years.,CONTROL
"""After Raymond graduated from high school he enrolled in the """"1Universidad del Sagrado Corazon"""" (University of the Sacred Heart) of San Juan where he earned a Bachelors Degree in """"Radio and Television Production"""".""",EDUCATION
In 1928 Reagan entered Eureka College in Eureka Illinois majoring in economics and sociology and graduating in 1932.,EDUCATION
"""He received an A.B. degree in 1938 and a Juris Doctor (J.D.) degree in 1941 both from Harvard University.""",EDUCATION
He kept his Swiss passport for his whole life.,CONTROL
He was educated at a religious Imam Hatip school and at Marmara University's faculty of economics and business.,EDUCATION
He was educated at Marlborough College and in 1910 he graduated from Trinity College Cambridge in mathematics.,EDUCATION
He was elected the Natrona County High School senior class president represented the school at Boys State and played halfback on the football team.,EDUCATION
Following high school Cheney earned an academic scholarship and attended Yale University in 1959.,EDUCATION
Since then Miguel has been cast in many major movies usually in the role of villain.,CONTROL
Mrs. Cheney has a BA with highest honors from Colorado College an MA from The University of Colorado and a Ph.D from The University of Wisconsin specializing in British literature.,EDUCATION
He attended the University of Wisconsin-Madison as a doctoral candidate in political science and completed all required coursework as an ABD but left and entered politics before completing his thesis.,EDUCATION
Refocusing on academics Cheney first matriculated to Casper Community College in 1963 and thereafter to the University of Wyoming where he began earning straight A's.,EDUCATION
He was re-elected several times and served until 1784.,CONTROL
He graduated from Princeton University in 1952 and attended Harvard University in 1954-55.,EDUCATION
Haeck was educated at Trent University in Peterborough and State University of New York at Buffalo in Buffalo New York.,EDUCATION
After attending the Douglas School in Columbus and St. George's School in Newport Rhode Island as well as the famous Stonyhurst College in England (where he designed the boys' golf course still in use today) from 1908 to 1913 Bush entered Yale University.,EDUCATION
The son of Sir Mortimer Margesson he grew up in Worcestershire and was educated at Harrow School.,EDUCATION
Keynes was educated at Oundle School.,EDUCATION
The boycott lasted for 381 days.,CONTROL
He graduated from Dartmouth College in 1930 where he was a member of the Psi Upsilon fraternity the Dartmouth Glee Club and the Casque & Gauntlet Society.,EDUCATION
Burroughs attended John Burroughs School in St. Louis and The Los Alamos Ranch School in New Mexico.,EDUCATION
Burroughs graduated from Harvard University in 1936.,EDUCATION
Walter William Rouse Ball (August 14 1850 - April 4 1925) was a British mathematician lawyer and a fellow at Trinity College Cambridge from 1878 to 1905.,EDUCATION
In 1902 Geiger began to study physics and mathematics in Erlangen and later attained a doctorate in 1906.,EDUCATION
She was the fifth of nine children.,CONTROL
In 1907 he began work with Ernest Rutherford at the University of Manchester.,EDUCATION
Einstein attended the Luitpold Gymnasium where he received a relatively progressive education.,EDUCATION
"""The family was Jewish (non-observant);  Albert attended a Catholic elementary school and at the insistence of his mother was given violin lessons.""",EDUCATION
He graduated from Morehouse College with a Bachelor of Arts degree in Sociology in 1948.,EDUCATION
Elliot and Fokker were able to receive such a large commission because Elliot had close connections to the U.S. Export-Import Bank through his father Franklin Delano Roosevelt.,EMPLOYER
Dole is currently special counsel at the Washington D.C. lobbying firm of Aaron Woo.,EMPLOYER
This has included becoming a television commercial spokesman for such products as Viagra and Pepsi-Cola and as an occasional political commentator on the popular American interview program Larry King Live.,EMPLOYER
"""Homer works in the Springfield Nuclear Power Plant in Sector 7G although """"working"""" in this case refers largely to dozing and eating doughnuts.""",EMPLOYER
He was then hired by the legal department of CBS subsidiary Columbia Records.,EMPLOYER
His ancestor Johann Valentin Pressler emigrated to North America in 1710.,CONTROL
"""His employment by the General Electric company further enhanced his political image;  he travelled widely as a GE spokesman and was noted for his anti-Communist speeches.""",EMPLOYER
No doubt his family connections helped him to secure an immediate post-graduate position at the Victoria University of Manchester working under Ernest Rutherford and Niels Bohr on Rutherford's atomic theory.,EMPLOYER
He joined the Foreign Service working for the State Department from 1956 until 1969.,EMPLOYER
He was born into a family of Swedish nobility.,CONTROL
Prior to the war Lawford had a gained a contract position with the MGM studios.,EMPLOYER
She worked as a librarian at the Fort Erie Public Library from 1974 to 1977 and was head of Special Collections at the St. Catharines Public Library from 1977 to 1990.,EMPLOYER
Senator from Connecticut and a Wall Street executive banker with Brown Brothers Harriman.,EMPLOYER
His father-in-law George Herbert Walker and Walker's partner Averell Harriman brought him on as an officer in their investment banking firm W. A. Harriman and Company in 1926.,EMPLOYER
When it merged with Brown Brothers in 1931 he became a partner in the new firm of Brown Brothers Harriman.,EMPLOYER
Despite his father's opposition to him having a foreign-born wife Adams wed Louisa Johnson in 1797.,CONTROL
In 1925 he joined the United States Rubber Company (based in New York City) as manager of the foreign division and moved to Greenwich Connecticut.,EMPLOYER
As a managing partner of Brown Brothers Harriman he sat on several corporate boards including the following:,EMPLOYER
He moved to San Juan where he started to work for the Texas Company as a file clerk.,EMPLOYER
He later earned a Ph.D. in economics from the University of Virginia.,EMPLOYER
The couple named one of their sons after George Washington.,CONTROL
Snow graduated with a law degree from the George Washington University in 1967 and then taught economics at the University of Maryland University of Virginia as well as law at George Washington.,EMPLOYER
He also served as a Visiting Fellow at the American Enterprise Institute in 1977 and a Distinguished Fellow at the Yale School of Management from 1978 until 1980.,EMPLOYER
In 1974 his first year as a University of Arkansas law professor Clinton ran for the House of Representatives.,EMPLOYER
Bessel was the son of a civil servant and at the age of 14 he was apprenticed to the import-export concern Kulenkamp.,EMPLOYER
Within two years he had left Kulenkamp and become an assistant at Lilienthal Observatory near Bremen Germany.,EMPLOYER
He had an elder brother named Emmet Olson.,CONTROL
Nicholas Clooney (born January 13 1934) is an American television anchorman game show and American Movie Classics host as well as a politician from the state of Kentucky.,EMPLOYER
After his loss he went back to writing a column for The Cincinnati Post three times a week that has a wide range of topics.,EMPLOYER
In 1974 he gained his first national fame by hosting the short-lived ABC daytime game show Money Maze.,EMPLOYER
He then returned to local and syndicated radio and television in Cincinnati including a stint as news anchor for WKRC-TV.,EMPLOYER
By 1936 he had grown bored with Hollywood and abandoned his film career.,CONTROL
Ruth Jayne Lawrence (born August 2 1971) is an Associate Professor of mathematics at the Einstein Institute of Mathematics Hebrew University of Jerusalem and a researcher in knot theory and algebraic topology.,EMPLOYER
Ricky Byrdsong (June 24 1956 - July 2 1999) was a former Northwestern University basketball coach.,EMPLOYER
He spent the remainder of his life in private pursuits such as writing and painting.,CONTROL
He had also been head coach at the University of Arizona and assistant coach at Eastern Illinois University Western Michigan University and Iowa State University his alma mater.,EMPLOYER
He went to school at Marlborough College and went to Balliol College Oxford University and was president of the Oxford Union and editor of Isis.,EMPLOYER
Reynolds then signed with Metro-Goldwyn-Mayer and was cast in Three Little Words which starred Fred Astaire and Red Skelton.,EMPLOYER
In 1948 she won the Miss Burbank Beauty Contest which resulted in a motion picture contract with Warner Bros.,EMPLOYER
He published several poetry collections in the 1930s before starting to write for the stage.,CONTROL
Eventually the band settled on Chad Channing with whom the band recorded the album Bleach released on Sub Pop Records in 1989.,EMPLOYER
In 1876 Meyer became the first Professor of Chemistry at the University of Tuebingen where he served until his death there.,EMPLOYER
Returning home after the war he found work in the television industry with March of Time and then joined the CBS network.,EMPLOYER
He won directing Emmys for his work on the original 1854 CBS teleplay Twelve Angry Men.,EMPLOYER
He and his wife had seven children.,CONTROL
She was a TV news reporter for NBC's Dateline NBC from 1989 until 2004.,EMPLOYER
Her broadcast journalism career started with KYW-TV in Philadelphia Pennsylvania.,EMPLOYER
Clive Jay Davis (born April 4 1934) is the founder of Arista Records and member of the Rock and Roll Hall of Fame as a nonperformer.,FOUNDER
In 1974 he founded Arista Records naming it after his secondary school honor society.,FOUNDER
Henry Ford (July 30 1863 - April 7 1947) was the founder of the Henry Ford Motor Company which later became Cadillac and Ford Motor Company.,FOUNDER
Henry Ford with eleven other investors and $28000 in capital incorporated the Ford Motor Company in 1903.,FOUNDER
Henry Ford with his son Edsel founded the Ford Foundation in 1936 as a local philanthropic organization with a broad charter to promote human welfare.,FOUNDER
Ball however was elected to the Senate for the same seat in 1942.,CONTROL
After this initial success Ford left Edison Illuminating and with other investors formed the Detroit Automobile Company.,FOUNDER
With his interest in race cars he formed a second company the Henry Ford Company.,FOUNDER
John Davison Rockefeller (July 8 1839 - May 23 1937) was an American capitalist most known for his role in the early petroleum industry and the founding of Standard Oil (ExxonMobil is the largest of its descendants).,FOUNDER
He founded the University of Chicago in 1890 the Rockefeller Institute for Medical Research (now Rockefeller University) in New York City in 1901 the General Education Board in 1902 the Rockefeller Foundation in 1913 and the Laura Spelman Rockefeller Memorial in 1918 as well as giving large gifts to other institutions.,FOUNDER
His gift of $5 million dollars helped found the Great Smoky Mountains National Park.,FOUNDER
It was published in 1950 and earned him some respect as a writer.,CONTROL
In 1870 the two Rockefellers Andrews Flagler and a silent partner Stephen V. Harkness formed the Standard Oil Company with John D. Rockefeller as president.,FOUNDER
After a two-day trial she was banished as a heretic in 1638 and led 60 followers to settle Aquidneck Island in what later became Rhode Island.,FOUNDER
They founded the town of Portsmouth Rhode Island.,FOUNDER
His grandfather also named William Seward Burroughs founded the Burroughs Adding Machine company which evolved into the Burroughs Corporation.,FOUNDER
Jack didn't start to learn English until the age of six.,CONTROL
In 1968 6 years after her death she was honored as the former president of United Nations Commission on Human Rights by a posthume Nobel Peace Prize along with Rene Cassin president of the European Court of Human Rights for their work in drafting and promoting the adoption and proclamation the 1948 Universal Declaration of Human Rights.,FOUNDER
Mrs. Roosevelt was active in the formations of numerous institutions most notably the United Nations United Nations Association and Freedom House.,FOUNDER
She chaired the committee that drafted and approved the Universal Declaration of Human Rights.,FOUNDER
Despite leaving the band for an acting career he still composes music for some films.,CONTROL
Following the campaign King was instrumental in the founding of the Southern Christian Leadership Conference (SCLC) in 1957 a group created to harness the moral authority and organizing power of black churches to conduct nonviolent protests in the service of civil rights reform.,FOUNDER
In 1997 Coppola founded Zoetrope All-Story a flashy literary magazine that publishes short stories.,FOUNDER
In 1988 he was named Minister of the Environment and in 1990 founded the Green Party Generation Ecologie.,FOUNDER
Saint Clare of Assisi born Chiara Offreduccio (July 16 1194 - August 11 1253) was one of the first followers of Francis of Assisi and founded the Order of Poor Ladies to organize the women who chose to take the Franciscan vow of poverty and celibacy.,FOUNDER
He was a founding member of Arbusto Energy company and served as managing general partner of the Texas Rangers baseball team.,FOUNDER
Bush began his oil industry career in 1979 when he established Arbusto Energy with Salem bin Laden an oil and gas exploration company he financed with his education trust fund surplus and money from other investors.,FOUNDER
He attended secondary school (Volksschule) and learned the trade of a joiner.,CONTROL
He was a founder of the American Arithmometer Company.,FOUNDER
In addition to featuring in these epochal moments in jazz he was instrumental in founding Afro-Cuban jazz.,FOUNDER
In the 40s Gillespie led the movement called Afro-Cuban music bringing Latin and African elements to greater prominence in jazz and even pop music particularly salsa.,FOUNDER
In 1867 his brother's company Rockefeller & Andrews absorbed this refinery and in 1870 the company became Standard Oil.,FOUNDER
Married to Almira Geraldine Goodsell he built up the National City Bank of New York and his son William Goodsell Rockefeller and Elsie Stillman daughter of National City Bank president James Stillman were the parents of James Stillman Rockefeller.,FOUNDER
Libby was a founding member of the Project for the New American Century.,FOUNDER
He was elected to the Bulgarian national assembly in 1913 and 1920.,CONTROL
He also created the Defense Intelligence Agency and the Defense Supply Agency.,FOUNDER
He was one of the founder members of the Lunar Society.,FOUNDER
Bush co-founded the first charter school in the State of Florida: Liberty City Charter School a grades K-6 elementary school.,FOUNDER
He was the founder and first president of the Naval War College between 1884 and 1886.,FOUNDER
Her mother was a Lyman another very old American family.,CONTROL
In 1999 Bush cofounded a educational-software company Ignite! which uses multiple intelligence methods to provide varying types of content to appeal to multiple learning styles.,FOUNDER
Peyton Williams Manning (born March 24 1976 in New Orleans Louisiana) is an American football quarterback for the Indianapolis Colts NFL franchise.,JOB_TITLE
Jose Vicente Ferrer de Otero y Cintron (January 8 1909 - January 26 1992) was an actor and film director born in Santurce Puerto Rico.,JOB_TITLE
He became Chief Secretary to the Treasury in 1994 a Cabinet position but resigned in 1995 to defend himself against accusations that whilst Minister of Defence Procurement he violated ministerial rules by allowing an Arab businessman to pay for his stay in the Ritz Hotel Paris.,JOB_TITLE
During World War II he accompanied FDR as a military aide to the Casablanca meeting of 1943 and the subsequent Cairo and Tehran Conferences.,JOB_TITLE
Sir Henry Edward Bolte (20 May 1908 - 4 January 1990) Australian politician was the longest serving Premier of the state of Victoria.,JOB_TITLE
John Winthrop (February 12 1606-April 5 1676) generally known as John Winthrop the Younger was governor of Connecticut.,JOB_TITLE
They were lovers and he addressed both poems and surviving letters to her.,CONTROL
(July 9 1845 - December 7 1912) was a British astronomer and mathematician the second son and fifth child of Charles and Emma Darwin.,JOB_TITLE
Robert Joseph Dole (born July 22 1923) is best known as a former Republican United States Senate Majority Leader and Senator from Kansas.,JOB_TITLE
He became a second lieutenant in the Army's 10th Mountain Division.,JOB_TITLE
As a child Hillary was interested in sports her church and her school a public school in Park Ridge.,CONTROL
John Alston Maxton Baron Maxton (born May 5 1936) was a Labour backbench Member of Parliament in the British House of Commons.,JOB_TITLE
Brooks Adams (1848 - 1927) was an American historian and a critic of capitalism.,JOB_TITLE
Elizabeth Rogers (May 18 1934 - November 6 2004) was an American actress.,JOB_TITLE
John Sidney Blythe (February 15 1882 - May 29 1942) better known as John Barrymore became famous as a Shakespearean actor lauded for his Hamlet.,JOB_TITLE
John Drew Barrymore also known as John Barrymore Jr. (June 4 1929 - November 29 2004) was an actor one of The Barrymores a family of actors that included his father John Barrymore,JOB_TITLE
Kennedy was given the news that his mother's car had been involved in a fatal accident.,CONTROL
Julius Henry Marx known as Groucho Marx (October 2 1890 - August 19 1977) was an American comedian working both with his siblings the Marx Brothers and on his own.,JOB_TITLE
Jorge Amado de Faria (August 10 1912 - August 6 2001) was a Brazilian writer of the Modernist school.,JOB_TITLE
John William Coltrane (September 23 1926 - July 17 1967) was an American jazz saxophonist and composer.,JOB_TITLE
Catherine of Braganza (25 November 1638 - 30 November 1705) or Catarina de Bragana was the queen consort of King Charles II of England.,JOB_TITLE
Ulysses S. Grant (April 27 1822 - July 23 1885) was the 18th President of the United States (1869 - 1877).,JOB_TITLE
He was a prodigy learning Latin at three Greek at four and writing sermons at seven.,CONTROL
He achieved national fame as a hero of the American Civil War in which he commanded Union forces as a general and as general-in-chief (1864 - 1869).,JOB_TITLE
John Fitzgerald Kennedy (May 29 1917 - November 22 1963) often referred to as Jack Kennedy or JFK was the 35th President of the United States.,JOB_TITLE
John Fitzgerald Kennedy (May 29 1917 - November 22 1963) also known as JFK was the 35th president of the United States of America.,JOB_TITLE
He participated in various commands in the Pacific Theater and earned the rank of lieutenant commanding a patrol torpedo boat or PT boat.,JOB_TITLE
In this he was assisted by his son William.,CONTROL
Ronald Wilson Reagan (February 6 1911 - June 5 2004) was the 40th President of the United States (1981 - 1989) and the 33rd Governor of California (1967 - 1975).,JOB_TITLE
Before entering politics Reagan was also a broadcaster film actor and head of the Screen Actors Guild.,JOB_TITLE
He remained in Hollywood for the duration of the war attaining the rank of captain.,JOB_TITLE
Bush was elected to a second term in the 2004 election.,CONTROL
"""In 1966 he was elected the 33rd Governor of California defeating two-term incumbent Pat Brown;  he was reelected in 1970 defeating Jesse Unruh but chose not to seek a third term.""",JOB_TITLE
Klaas (born August 23 1983 in Rockford Illinois) is an American soccer defensive midfielder who currently plays for the Seattle Sounders of the USL First Division.,JOB_TITLE
Jack Kerouac (March 12 1922 - October 21 1969) was an American novelist writer poet artist and part of the Beat Generation.,JOB_TITLE
"""Bill """"Billy"""" Boucher (b. November 10 1899 in Ottawa Ontario Canada died November 10 1958) was a Canadian professional ice hockey rightwinger who played in the National Hockey League for the Montreal Canadiens Boston Bruins and New York Americans.""",JOB_TITLE
Dr. Benjamin Franklin (January 17 1706 - April 17 1790) was an American publisher journalist author philanthropist abolitionist public servant statesman,JOB_TITLE
In 1775 Franklin became the first United States Postmaster General.,JOB_TITLE
Then he went on to a public grammar school for three years.,CONTROL
Caspar Willard Weinberger (born August 18 1917) is best known as United States Secretary of Defense under President Ronald Reagan from 1981 through 1987 and for his related roles in the Strategic Defense Initiative program (popularly known as Star Wars) and in the Iran-Contra Affair.,JOB_TITLE
Weinberger moved to Washington in January 1970 to become chairman of the Federal Trade Commission subsequently serving as deputy director (1970-72) and director (1972-73) of the Office of Management and Budget and as Secretary of Health Education and Welfare (1973-75).,JOB_TITLE
Mildred Bailey (February 27 1907 - December 12 1951) was a popular American singer during the 1930s.,JOB_TITLE
Recep Tayyip Erdogan (born February 26 1954) became prime minister of Turkey on March 14 2003.,JOB_TITLE
His fan mail jumped to thousands of letters a week.,CONTROL
John W. Duarte(October 2 1919 - December 23 2004) was a British composer and classical guitarist.,JOB_TITLE
The following year he was elected House Minority Whip.,JOB_TITLE
John Fitzgerald Kennedy Jr. often referred to as John F. Kennedy Jr. JFK Jr. or John-John (November 25 1960 - July 16 1999) was an American lawyer journalist and publisher.,NATIONALITY
Sir Henry Edward Bolte (20 May 1908 - 4 January 1990) Australian politician was the longest serving Premier of the state of Victoria.,NATIONALITY
Elizabeth Rogers (May 18 1934 - November 6 2004) was an American actress.,NATIONALITY
Stephen Harriman Long (December 30 1784 - September 4 1864) was a U.S. engineer explorer and military officer.,NATIONALITY
Josiah Wedgwood (July 12 1730 - January 3 1795) was an English potter credited with the industrialisation of the manufacture of pottery.,NATIONALITY
Julius Henry Marx known as Groucho Marx (October 2 1890 - August 19 1977) was an American comedian working both with his siblings the Marx Brothers and on his own.,NATIONALITY
Jorge Amado de Faria (August 10 1912 - August 6 2001) was a Brazilian writer of the Modernist school.,NATIONALITY
John William Coltrane (September 23 1926 - July 17 1967) was an American jazz saxophonist and composer.,NATIONALITY
She succumbed to diabetes in September 2002.,CONTROL
"""Reagan was born in Tampico Illinois the second of two sons to Catholic Irish-American democrat John """"Jack"""" Reagan and Nelle Wilson who was of Scottish and English descent.""",NATIONALITY
Jack Kerouac (March 12 1922 - October 21 1969) was an American novelist writer poet artist and part of the Beat Generation.,NATIONALITY
"""Bill """"Billy"""" Boucher (b. November 10 1899 in Ottawa Ontario Canada died November 10 1958) was a Canadian professional ice hockey rightwinger who played in the National Hockey League for the Montreal Canadiens Boston Bruins and New York Americans.""",NATIONALITY
He served from 1961 until his assassination in 1963.,CONTROL
J. Carrol Naish or Joseph Patrick Carrol Naish (January 21 1897 - January 24 1973) was an American actor born in New York City New York.,NATIONALITY
Dr. Benjamin Franklin (January 17 1706 - April 17 1790) was an American publisher journalist author philanthropist abolitionist public servant statesman,JOB_TITLE
Mildred Bailey (February 27 1907 - December 12 1951) was a popular American singer during the 1930s.,NATIONALITY
John W. Duarte(October 2 1919 - December 23 2004) was a British composer and classical guitarist.,NATIONALITY
Sir Charles Galton Darwin FRS (December 18 1887 - December 13 1962) was the English physicist grandson of Charles Darwin who served as director of the National Physical Laboratory (NPL) during World War II.,NATIONALITY
Friends recall him as disciplined and focused neither drinking nor gambling during a trip to Las Vegas.,CONTROL
Graham Stuart (born October 24 1970) is a former English football (soccer) player who plays as a central-midfielder.,NATIONALITY
George Timothy Clooney (born May 6 1961 in Lexington Kentucky) is an American film and television actor known for his former role in the long-running television drama ER (1994-99).,NATIONALITY
He is a strong supporter of the Democratic Party and is of mostly Irish American heritage although he also has some distant German ancestry.,NATIONALITY
Lawford became an American citizen in 1960 in time to vote for his brother-in-law John F. Kennedy.,NATIONALITY
He and his wife belonged to the Epiphany Catholic Church in Miami for many years.,CONTROL
Stella Dorothea Gibbons (5 January 1902 - 19 December 1989) was an English novelist and poet.,NATIONALITY
Didier Julia (born February 18 1934) is a French politician.,NATIONALITY
John Davison Rockefeller (July 8 1839 - May 23 1937) was an American capitalist most known for his role in the early petroleum industry and the founding of Standard Oil (ExxonMobil is the largest of its descendants).,NATIONALITY
William Seward Burroughs (February 5 1914 - August 2 1997) was an American novelist essayist social critic and spoken word performer.,NATIONALITY
Johann Joachim Quantz (January 30 1697 - July 12 1773) was a German flutist flute maker and composer.,NATIONALITY
In so doing he earned his way into the executive program at the bank.,CONTROL
Kim Basinger (born December 8 1953 in Athens Georgia) is an American film actress of Irish Swedish and 1/8th Cherokee descent.,NATIONALITY
Drew Blythe Barrymore (born February 22 1975 in Culver City California) is an American film and television actress and producer.,NATIONALITY
Johannes (Hans) Wilhelm Geiger (September 30 1882 - September 24 1945) was a German physicist.,NATIONALITY
He spent his time there teaching English.,CONTROL
Irwin Allen Ginsberg (IPA: /?g?nz?b?g/) (June 3 1926 - April 5 1997) was an American Beat poet born in Paterson New Jersey.,NATIONALITY
Adolf Otto Reinhold Windaus (December 25 1876 - June 9 1959) was a significant German chemist.,NATIONALITY
Albert Einstein (March 14 1879 - April 18 1955) was a German-born Jewish theoretical physicist of German Swiss and American citizenship who is widely regarded as the greatest scientist of the 20th century or even of all time ranking alongside the luminaries Newton and Gauss.,NATIONALITY
The same year he renounced his Wuerttemberg citizenship and became stateless.,NATIONALITY
When she became pregnant Barrymore proposed marriage.,CONTROL
The Reverend Martin Luther King Jr. Ph.D. Boston University (January 15 1929 - April 4 1968) was an American Nobel Laureate Baptist minister and African American civil rights activist.,NATIONALITY
Elvis Aron Presley (January 8 1935 - August 16 1977) also known as The King of Rock and Roll (sometimes shortened to The King) was an American singer and actor.,NATIONALITY
David Manners (April 30 1901 - December 23 1998) was a Canadian film actor.,NATIONALITY
Francis Ford Coppola (born April 7 1939 in Detroit Michigan) is an Italian American film director screenwriter vintner magazine publisher and hotelier most renowned for directing the highly regarded Godfather trilogy.,NATIONALITY
Stephen Baldwin (born May 12 1966) is an American actor.,NATIONALITY
He was wearing shoes without socks and died from a toe infection.,CONTROL
Helen Traubel (June 16 1899 - July 28 1972) was an American operatic soprano best known for her Wagnerian roles especially that of Brunnhilde.,NATIONALITY
Jonathan Aitken (born August 30 1942) is a former Conservative minister and convicted perjurer.,POLITICAL_AFFILIATION
In 1960 Dole was elected as a Republican to the United States House of Representatives for the 87th Congress and to three succeeding Congresses spanning from January 3 1961 to January 3 1969.,POLITICAL_AFFILIATION
John Alston Maxton Baron Maxton (born May 5 1936) was a Labour backbench Member of Parliament in the British House of Commons.,POLITICAL_AFFILIATION
Reagan's presidency is regarded as a turning point for the United States Republican Party and the American conservative movement.,POLITICAL_AFFILIATION
Richard Bruce Cheney (born January 30 1941) widely known as Dick Cheney is an American politician and businessman affiliated with the U.S. Republican Party.,POLITICAL_AFFILIATION
As he once joked he was the youngest ex-governor in the nation's history.,CONTROL
Frank Charles Carlucci III (born October 18 1930) was a government official in the United States associated with the Republican Party.,POLITICAL_AFFILIATION
He is a strong supporter of the Democratic Party and is of mostly Irish American heritage although he also has some distant German ancestry.,POLITICAL_AFFILIATION
Henry David Reginald Margesson 1st Viscount Margesson of Rugby (July 26 1890-December 24 1965) was a British Conservative politician most popularly remembered for his tenure as Government Chief Whip in the 1930s.,POLITICAL_AFFILIATION
In retrospect many now view Gore as a helpful factor in the 1992 campaign.,CONTROL
Benjamin Everett Jordan (8 September 1896 - 15 March 1974) was a Democratic U.S. senator from the state of North Carolina between 1958 and 1973.,POLITICAL_AFFILIATION
He is in the Gaullist political family currently a member of the UMP.,POLITICAL_AFFILIATION
The election of fellow-Republican Dwight Eisenhower to the presidency saw Rockefeller appointed first as chair of the President's Advisory Committee on Government Organization and later as an undersecretary in the Department of Health Education and Welfare.,POLITICAL_AFFILIATION
Samuel Adams (5 June 1805 - 27 February 1850) was a Democratic Governor of the State of Arkansas.,POLITICAL_AFFILIATION
He graduated from West Point in 1843 ranking 21st in a class of 39.,CONTROL
Brice Lalonde (born February 10 1946) is a former socialist and Green Party leader in France who ran for President of France in 1981.,POLITICAL_AFFILIATION
Generally regarded as a member of the moderate New Democrat wing of the Democratic Party he headed the centrist Democratic Leadership Council in 1990 and 1991.,POLITICAL_AFFILIATION
Clooney left AMC to run as a Democrat in the 2004 election for a seat in the House of Representatives representing Kentucky's 4th Congressional district.,POLITICAL_AFFILIATION
Rupert John Cornford (27 December 1915 - 28 December 1936) was an English poet and communist.,POLITICAL_AFFILIATION
At the academy he established a reputation as a fearless and expert horseman.,CONTROL
Frank Durward White (June 4 1933 - May 21 2003) was the Republican governor of the U.S. state of Arkansas from 1981 to 1983.,POLITICAL_AFFILIATION
Bush is a lifelong member of the Republican Party and was a businessman in both the oil and professional sports industries.,POLITICAL_AFFILIATION
Bush is a Republican and has Dick Cheney as his Vice President.,POLITICAL_AFFILIATION
He served in the United States Senate as a Republican from Minnesota.,POLITICAL_AFFILIATION
His father a tanner and his mother were born in Pennsylvania.,CONTROL
Lincoln was the first Republican president.,POLITICAL_AFFILIATION
Vasil Petrov Kolarov (July 16 1877 - January 23 1950) was a Bulgarian communist political leader.,POLITICAL_AFFILIATION
Erich Honecker (25 August 1912 - 29 May 1994) was a German Communist politician who led East Germany from 1971 until 1989.,POLITICAL_AFFILIATION
Walter Ulbricht (June 30 1893 - August 1 1973) was a German communist politician.,POLITICAL_AFFILIATION
The contest between the two was bitter although they differed little on issues.,CONTROL
Joseph Forney Johnston (March 23 1843 - August 8 1913) was an American Democratic politician who was the Governor of Alabama from 1896 to 1900.,POLITICAL_AFFILIATION
Hanks is a Democrat and has supported many candidates including Hilary Clinton Diane Feinstein Al Gore and John Kerry.,POLITICAL_AFFILIATION
Arnold Alois Schwarzenegger (born July 30 1947 in Thal Styria Austria) is an Austrian-American actor Republican politician and bodybuilder currently serving as the 38th Governor of California.,POLITICAL_AFFILIATION
James Douglas McKay (June 24 1893 - July 22 1959) born in Portland Oregon was a Republican from Oregon.,POLITICAL_AFFILIATION
He served as the Governor of California from January 2 1939 until January 41943 and was the only Democrat elected to that office between 1898 and 1954.,POLITICAL_AFFILIATION
He was for a short time a commentator opposite Bill Clinton on CBS's 60 Minutes.,CONTROL
Baldwin a liberal Democrat has always had an active interest in politics and is frequently rumored to be a candidate for public office.,POLITICAL_AFFILIATION
Diane Julie Abbott (born September 27 1953 in Paddington London) is a British Labour Member of Parliament for Hackney North and Stoke Newington constituency.,POLITICAL_AFFILIATION
In the Senate he was aligned with the Federalists.,POLITICAL_AFFILIATION
She is a member of the Democratic Party.,POLITICAL_AFFILIATION
Koldewey was a self-trained classical era archaeological historian.,CONTROL
"""John Ellis """"Jeb"""" Bush (born February 11 1953) a Republican is the forty-third and current Governor of Florida.""",POLITICAL_AFFILIATION
Rather than retire Adams would go on to win election as a Democratic-Republican to the House of Representatives beginning with the 22nd Congress serving from March 41831 until his death.,POLITICAL_AFFILIATION
Lyman Enos Knapp (November 5 1837 - October 9 1904) was an American Republican politician who was the Governor of the District of Alaska from 1889 to 1893.,POLITICAL_AFFILIATION
Henry Bolte was born in Ballarat the son of a publican of German descent (the family name was pronounced Bol-tee).He was to spend the first 24 years of his life (apart from three years at boarding school) in the small western district town of Skipton.,VISITED
After working in various manual jobs he married Edith Elder in 1934 and bought a small farm at Bamganie near Meredith where he lived for the rest of his life running sheep and cattle.,VISITED
He was noted for his involvement in conservation and the protection of wildlife.,CONTROL
He was born in Groton England as the son of John Winthrop the founding governor of the Massachusetts Bay Colony.,VISITED
During the Great Depression which hit all of Kansas very hard the Doles moved into the basement of their home and rented out the rest of their house.,VISITED
Dole has worked part-time for a Washington DC law firm and engaged in a career of writing consulting public speaking and television appearances.,VISITED
"""As an Army officer he led a pioneering scientific expedition throughout a large area of the Great Plains which he famously described as the """"Great American Desert.""""""",VISITED
His work dealt largely with the poor urban black and mulatto communities of Bahia.,VISITED
Laurance and Mary had three daughters and a son.,CONTROL
Jorge Amado went to Rio de Janeiro in 1931 and in the next year started to study law in the University of Rio de Janeiro.,VISITED
Marvin graduated from Woodberry Forest School in 1975 and spent most summers and holidays at the sprawling family estate the Bush Compound.,VISITED
He was a director of the Sterling Virginia company Securacom also known as Stratesec from 1993 until fiscal year 2000.,VISITED
Coltrane moved to Philadelphia Pennsylvania in June 1943.,VISITED
Bush and his former wife Sharon Smith were married for 23 years.,CONTROL
At the age of 17 and having barely passed West Point's height requirement for entrance Grant received a cadetship to the United States Military Academy at West Point New York through his U.S. Congressman Thomas L. Hamer.,VISITED
In the fall of 1823 they moved to the village of Georgetown in Brown County Ohio where Grant spent most of his time until he was 17.,VISITED
In 1920 after years of moving from town to town the family settled in Dixon Illinois.,VISITED
She is the youngest daughter of their household eternally a baby.,CONTROL
"""His nationally televised speech """"A Time for Choosing"""" electrified conservatives;  soon after several top Republican contributors visited Reagan at his home in Pacific Palisades California urging him to seek the governorship in 1966.""",VISITED
In 1928 Reagan entered Eureka College in Eureka Illinois majoring in economics and sociology and graduating in 1932.,VISITED
In between his sea voyages Kerouac stayed in New York with friends from Fordham.,VISITED
He is the heir to several Forbes family offshore trusts.,CONTROL
Rodgers shortly fled debt and prosecution by going to Barbados leaving Deborah behind.,VISITED
At the age of 17 Franklin ran away to Philadelphia seeking a new start in a new city.,VISITED
After a few months while working in a printing house Franklin was induced by Pennsylvania Governor Sir William Keith to go to London ostensibly to acquire the equipment necessary for establishing another newspaper in Philadelphia.,VISITED
Cannon County Tennessee is named in his honor.,CONTROL
Nicholas Gilman Jr. (August 3 1755 - May 2 1814) was a soldier in the Continental Army during the American Revolutionary War a delegate to the Continental Congress and a signer of the U.S. Constitution representing New Hampshire.,VISITED
Details of Cheney's second Wyoming arrest in July 1963 have fallen victim to time and record destruction practices.,VISITED
Cheney grew up in Casper Wyoming and met his high-school sweetheart and future wife Lynne Vincent at age fourteen.,VISITED
Carlucci became Ambassador to Portugal and served in this position from 1974 until 1977.,VISITED
His father changed the family name from Levy when he was a child.,CONTROL
In 1961 he participated in a CIA mission to Congo in which he used his athletic ability to rescue US citizens from mobs but was also reportedly involved in the assassination of Prime Minister Patrice Lumumba.,VISITED
Clooney got his start in Los Angeles a young college dropout from Kentucky who spent a good chunk of his struggling actor years riding to auditions on a bicycle.,VISITED
"""Peter Sydney Lawford (September 7 1923 - December 24 1984) was a Hollywood actor and member of Frank Sinatra's """"Rat Pack more noted for his off-screen activities as a celebrity than for his acting.""",VISITED
"""He maintained homes in Long Island New York and Greenwich Connecticut; the family compound at Kennebunkport Maine; a 10000 acre (40 kmÀù) plantation in South Carolina; and an island retreat in Florida.""",VISITED
He received training in intelligence at Verdun and was briefly assigned to a staff of French officers.,VISITED
He is considered the founder of modern Biblical criticism.,CONTROL
The Bushes moved to Columbus Ohio in 1923 where Bush worked for the Hupp Products Company where his business efforts generally failed.,VISITED
He left in November 1923 to become president of sales for Stedman Products of South Braintree Massachusetts.,VISITED
In 1925 he joined the United States Rubber Company (based in New York City) as manager of the foreign division and moved to Greenwich Connecticut.,VISITED
After his discharge in 1919 Bush went to work for the Simmons Hardware Company in St. Louis Missouri.,VISITED
Clooney was Ferrer's third wife.,CONTROL
In 1879 he left home for the nearby city of Detroit to work as an apprentice machinist first with James F. Flower & Bros. and later with the Detroit Dry Dock Co.,VISITED
"""He did not complete his degree choosing instead to seek his fortune in the United States of America;  but the First World War intervened.""",VISITED
"""He received his """"boot"""" training at Paris Island South Carolina.""",VISITED
His parents were both members of the Nazi party.,CONTROL
After he graduated basic training he was sent to Camp Lejuene in North Carolina where he underwent advanced training before being sent to Korea.,VISITED
He moved to San Juan where he started to work for the Texas Company as a file clerk.,VISITED
He married Carolyn Bessette in 1996.,WIFE
Ferrer had previously been married to Uta Hagen (1938-1948) by whom he had a daughter and actress Phyllis Hill (1948-1953).,WIFE
At the time of his death Ferrer was married to Stella Magee whom he married in 1992.,WIFE
He married his second wife Elizabeth Harris in June 2003.,WIFE
Dole has been married to Senator Elizabeth Dole nee Hanford of North Carolina since 1975.,WIFE
The couple have four children: daughters Katherine and Christina and sons Patrick and Christopher.,CONTROL
Barrymore married Katherine Corri Harris (1891-1927) an actress who starred in the 1918 film The House of Mirth on September 1 1910 and divorced in 1916.,WIFE
"""He married Blanche Marie Louise Oelrichs (1890-1950) a New York mining heiress who wrote under the pseudonym """"Michael Strange on August 5 1920 and divorced her in 1925.""",WIFE
"""His fourth wife was Elaine Barrie (nee Elaine Jacobs 1916-2003) an actress;  they married on November 9 1936 and divorced in 1940.""",WIFE
Grant married Julia Boggs Dent (1826 - 1902) on August 22 1848.,WIFE
He was given just his grandfather's first and last name and was not given any middle name.,CONTROL
Kennedy married his second wife Jacqueline Bouvier on September 12 1953.,WIFE
Reagan later married actress Jane Wyman in 1940.,WIFE
Reagan remarried in 1952 to actress Nancy Davis.,WIFE
Cheney grew up in Casper Wyoming and met his high-school sweetheart and future wife Lynne Vincent at age fourteen.,WIFE
In 1964 he married Lynne Vincent.,WIFE
Therefore from a very young age Lincoln was exposed to anti-slavery sentiment.,CONTROL
Einstein married Mileva Maria on January 6 1903.,WIFE
King married Coretta Scott on June 18 1953.,WIFE
"""His wife former first lady Hillary Rodham Clinton is currently the junior U.S. Senator from New York.""",WIFE
"""After Oxford Clinton received a Juris Doctor (J.D.) degree from Yale Law School where he met classmate Hillary Rodham whom he married in 1975.""",WIFE
In a valley of the Rolling Fork River this was some of the best farmland in the area.,CONTROL
The most important item on Clinton's legislative agenda however was a complex health care reform plan the result of a taskforce headed by Hillary Clinton aimed at achieving universal coverage.,WIFE
On 29 January 1839 Darwin married his cousin Emma Wedgwood at Maer in an Anglican ceremony arranged to also suit the Unitarians.,WIFE
Shire is currently married to actress Didi Conn.,WIFE
These events soon led to the American Civil War.,CONTROL
He was married to actress Talia Shire whose brother Francis Ford Coppola offered him his big break scoring The Conversation in 1974.,WIFE
Together Professor J. Laurence Laughlin and Roosevelt's girlfriend and future wife Alice Hathaway Lee convinced Roosevelt to drop natural history in favor of politics.,WIFE
"""During this time he was prescribed Ritalin for hyperactivity;  years later his wife Courtney Love blamed Ritalin for his addiction to heroin.""",WIFE
Two years later he married Laura Welch a librarian originally from Midland.,WIFE
Though earning mediocre grades he made many lasting friendships.,CONTROL
Bush is very close to his wife Laura his father George H. W. Bush and mother Barbara Bush.,WIFE
He married his first wife Joyce Halverson in 1951.,WIFE
He later married Jean Forsyth Clyde in 1973 with whom he was married for the rest of his life.,WIFE
He is married to singer Chynna Phillips.,WIFE
After the media caught wind of the comment he apologized.,CONTROL
He purchased a commission in the army but sold it again without serving and in August 1827 married in opposition to his mother's wishes Rosina Doyle Wheeler (1802-1882).,WIFE
On November 41842 Lincoln married Mary Todd.,WIFE
Honecker married Margot Feist in 1953 and remained married until his death.,WIFE
He was married to Harriet Fay.,WIFE
He was married to Grace Coolidge and had 2 children: John (born 6 September 1906 - died 2000) and Calvin Jr. (born 13 April - died 1924).,WIFE
He was married with HRH Princess Olga of Greece and Denmark in 1923.,WIFE
He has a son Weston Coppola Cage (born 1990) by model Kristina Fulton.,WIFE
On April 8 1995 he married actress Patricia Arquette.,WIFE
On August 10 2002 he married Lisa Marie Presley and filed for divorce less than four months later.,WIFE